{"schema":6,"addons":[{"id":"{74f5d1a6-a6c6-412c-b596-32586a199423}","icons":{"32":"https://addons.mozilla.org/static-server/img/addon-icons/default-32.png","64":"https://addons.mozilla.org/static-server/img/addon-icons/default-64.png","128":"https://addons.mozilla.org/static-server/img/addon-icons/default-128.png"},"name":"Saphirefox","version":"1.0","sourceURI":"https://addons.mozilla.org/firefox/downloads/file/4315853/saphirefox-1.0.xpi","homepageURL":null,"supportURL":null,"amoListingURL":"https://addons.mozilla.org/en-US/firefox/addon/saphirefox/","description":"Purple and orange. Royal theme.","fullDescription":null,"weeklyDownloads":30679,"type":"theme","creator":{"name":"Нчала","url":"https://addons.mozilla.org/en-US/firefox/user/18496094/"},"developers":[],"screenshots":[{"url":"https://addons.mozilla.org/user-media/version-previews/full/4000/4000558.png?modified=1720437752","width":680,"height":92,"thumbnailURL":"https://addons.mozilla.org/user-media/version-previews/thumbs/4000/4000558.png?modified=1720437752","thumbnailWidth":473,"thumbnailHeight":64},{"url":"https://addons.mozilla.org/user-media/version-previews/full/4000/4000559.svg?modified=1720437752","width":720,"height":92,"thumbnailURL":"https://addons.mozilla.org/user-media/version-previews/thumbs/4000/4000559.jpg?modified=1720437752","thumbnailWidth":720,"thumbnailHeight":92}],"contributionURL":"","averageRating":4.5,"reviewCount":3,"reviewURL":"https://addons.mozilla.org/en-US/firefox/addon/saphirefox/reviews/","updateDate":1720466131000}]}