{"nextId":3,"logins":[{"id":1,"hostname":"http://vault.acme.local","httpRealm":null,"formSubmitURL":"http://vault.acme.local","usernameField":"username","passwordField":"password","encryptedUsername":"MDIEEPgAAAAAAAAAAAAAAAAAAAEwFAYIKoZIhvcNAwcECN6pqa9PD9vdBAhxd5tEbu8KAQ==","encryptedPassword":"MDIEEPgAAAAAAAAAAAAAAAAAAAEwFAYIKoZIhvcNAwcECNQHPoW2wHjABAjWivA3ArXJ7w==","guid":"{d8901956-730c-431c-8606-0aa67efa75d2}","encType":1,"timeCreated":1758524569177,"timeLastUsed":1758524569177,"timePasswordChanged":1758524569177,"timesUsed":1,"syncCounter":1,"everSynced":false,"encryptedUnknownFields":"MDIEEPgAAAAAAAAAAAAAAAAAAAEwFAYIKoZIhvcNAwcECHF3rufyCDOmBAjIVSRqFF3T5w=="},{"id":2,"hostname":"http://vault.acme.local","httpRealm":null,"formSubmitURL":"http://vault.acme.local","usernameField":"username","passwordField":"password","encryptedUsername":"MDoEEPgAAAAAAAAAAAAAAAAAAAEwFAYIKoZIhvcNAwcECN5TzvAuw1dhBBBu2Wa72uQJqJL2ajX96IdV","encryptedPassword":"MEIEEPgAAAAAAAAAAAAAAAAAAAEwFAYIKoZIhvcNAwcECA24zBBwMMr8BBg9cJfVF5Y8v8YzeRtt17cvT3z6HCTpGEs=","guid":"{43b7c3a0-3257-4ae0-94e0-9af554aee148}","encType":1,"timeCreated":1758524625668,"timeLastUsed":1758524625668,"timePasswordChanged":1758524625668,"timesUsed":1,"syncCounter":1,"everSynced":false,"encryptedUnknownFields":"MDIEEPgAAAAAAAAAAAAAAAAAAAEwFAYIKoZIhvcNAwcECF3ykhBwBQZcBAitc69CdfhrBg=="}],"potentiallyVulnerablePasswords":[],"dismissedBreachAlertsByLoginGUID":{},"version":3}