{"nextId":2,"logins":[{"id":1,"hostname":"http://vault.acme.local","httpRealm":null,"formSubmitURL":"http://vault.acme.local","usernameField":"username","passwordField":"password","encryptedUsername":"MDIEEPgAAAAAAAAAAAAAAAAAAAEwFAYIKoZIhvcNAwcECN6pqa9PD9vdBAhxd5tEbu8KAQ==","encryptedPassword":"MDIEEPgAAAAAAAAAAAAAAAAAAAEwFAYIKoZIhvcNAwcECNQHPoW2wHjABAjWivA3ArXJ7w==","guid":"{d8901956-730c-431c-8606-0aa67efa75d2}","encType":1,"timeCreated":1758524569177,"timeLastUsed":1758524569177,"timePasswordChanged":1758524569177,"timesUsed":1,"syncCounter":1,"everSynced":false,"encryptedUnknownFields":"MDIEEPgAAAAAAAAAAAAAAAAAAAEwFAYIKoZIhvcNAwcECHF3rufyCDOmBAjIVSRqFF3T5w=="}],"potentiallyVulnerablePasswords":[],"dismissedBreachAlertsByLoginGUID":{},"version":3}