{"chrome://browser/content/browser.xhtml":{"main-window":{"screenX":"24","screenY":"59","width":"1280","height":"891","sizemode":"normal"},"sidebar-title":{"value":"-moz-missing\n"}},"chrome://browser/content/places/places.xhtml":{"placesContentTags":{"ordinal":"3"},"placesContentUrl":{"ordinal":"5"},"placesContentDate":{"ordinal":"7"},"placesContentVisitCount":{"ordinal":"9"},"placesContentDateAdded":{"ordinal":"11"},"placesContentLastModified":{"ordinal":"13"},"places":{"screenX":"100","screenY":"132","width":"800","height":"500","sizemode":"normal"}}}